PST,Max TemperatureF,Mean TemperatureF,Min TemperatureF,Max Dew PointF,MeanDew PointF,Min DewpointF,Max Humidity, Mean Humidity, Min Humidity, Max Sea Level PressureIn, Mean Sea Level PressureIn, Min Sea Level PressureIn, Max VisibilityMiles, Mean VisibilityMiles, Min VisibilityMiles, Max Wind SpeedMPH, Mean Wind SpeedMPH, Max Gust SpeedMPH,PrecipitationIn, CloudCover, Events, WindDirDegrees
2015-10-27,68,63,58,57,52,44,84,67,49,30.04,29.99,29.96,10,10,10,24,5,30,T,7,,298
2015-10-28,70,65,59,60,56,53,84,75,66,30.06,30.03,30.01,10,10,10,29,10,35,T,4,,289
2015-10-29,72,64,56,54,52,50,86,67,47,30.04,30.00,29.95,10,10,10,30,13,36,0.00,0,,279
2015-10-30,78,66,53,58,51,46,86,61,36,30.06,30.02,29.99,10,10,10,22,7,25,0.00,0,,290
2015-10-31,73,64,55,58,55,52,90,70,49,30.14,30.09,30.04,10,10,9,23,8,26,0.00,3,,282
2015-11-1,71,64,57,61,57,52,87,74,61,30.16,30.07,29.97,10,10,8,17,7,21,0.03,6,Rain,274
2015-11-2,63,59,54,57,51,42,93,75,57,29.94,29.84,29.78,10,9,5,32,13,40,0.41,6,Rain,293
2015-11-3,64,58,51,49,45,40,77,60,43,29.96,29.92,29.84,10,10,10,23,8,28,0.00,1,,280
2015-11-4,64,57,50,47,40,33,83,59,34,30.14,30.05,29.97,10,10,10,23,11,30,0.00,1,,298
2015-11-5,64,56,47,50,45,39,77,65,52,30.28,30.23,30.15,10,10,10,16,5,18,0.00,4,,289
2015-11-6,67,58,48,48,43,36,86,59,32,30.30,30.24,30.19,10,10,10,16,6,43,0.00,1,,274
2015-11-7,66,57,47,50,47,41,86,69,52,30.19,30.12,30.05,10,10,10,18,6,21,0.00,1,,278
2015-11-8,62,56,49,54,49,45,89,77,64,30.05,30.01,29.97,10,10,5,18,7,24,0.03,5,Rain,253
2015-11-9,57,52,47,48,45,42,83,72,61,30.06,29.97,29.93,10,9,1,25,10,33,0.36,5,Rain-Thunderstorm,228
2015-11-10,60,53,45,45,42,40,82,67,51,30.36,30.23,30.06,10,10,10,15,7,17,0.00,1,,306
2015-11-11,63,54,44,48,44,40,89,72,55,30.42,30.36,30.31,10,10,10,16,4,18,0.00,0,,270
2015-11-12,63,54,45,49,45,42,86,69,51,30.29,30.21,30.12,10,10,10,17,5,21,0.00,1,,290
2015-11-13,67,57,46,50,45,41,86,64,42,30.13,30.07,30.01,10,10,9,12,2,13,0.00,0,,307
2015-11-14,64,55,46,50,46,42,93,74,55,30.00,29.92,29.83,10,9,5,18,5,21,0.00,1,,233
2015-11-15,59,55,50,52,44,32,93,74,54,30.11,29.90,29.77,10,9,3,41,23,53,0.31,5,Rain,270
2015-11-16,60,54,47,41,34,27,64,50,35,30.34,30.26,30.12,10,10,10,23,12,32,0.00,1,,302
2015-11-17,61,56,50,51,48,42,83,71,59,30.36,30.32,30.27,10,10,10,21,9,24,0.00,3,,285
2015-11-18,63,56,48,53,49,46,93,80,67,30.29,30.21,30.14,10,10,10,24,7,30,0.00,3,,272
2015-11-19,68,58,48,53,49,46,93,71,49,30.19,30.15,30.11,10,10,10,15,5,17,0.00,1,,308
2015-11-20,68,60,52,55,51,49,93,78,63,30.14,30.08,30.04,10,10,10,26,5,30,0.00,2,,287
2015-11-21,68,59,49,54,49,44,93,69,45,30.12,30.06,30.01,10,10,10,12,3,14,0.00,3,,29
2015-11-22,67,58,48,53,48,43,89,71,52,30.03,29.97,29.91,10,10,9,7,1,22,0.00,5,,324
2015-11-23,58,54,49,49,47,45,93,80,66,29.96,29.94,29.90,10,10,7,18,8,23,0.00,3,,269
2015-11-24,58,53,48,52,46,39,86,71,55,29.94,29.91,29.89,10,9,2,28,10,36,0.25,6,Rain,237
2015-11-25,54,48,42,42,37,33,92,69,46,30.03,29.96,29.89,10,10,10,22,6,25,0.03,2,,280
2015-11-26,53,48,42,38,31,26,82,59,35,30.14,30.09,30.04,10,10,10,23,8,29,0.00,1,,22
2015-11-27,56,49,42,35,29,25,62,46,30,30.16,30.12,30.09,10,10,10,22,6,25,0.00,1,,336
2015-11-28,56,49,42,33,27,20,67,49,30,30.18,30.15,30.11,10,10,10,21,6,24,0.00,0,,89
2015-11-29,55,46,37,40,31,25,70,51,32,30.22,30.18,30.16,10,10,10,12,3,13,0.00,1,,136
2015-11-30,51,45,38,38,35,30,79,67,54,30.24,30.20,30.18,10,10,10,12,4,13,T,6,,79
2015-12-1,56,50,43,45,37,33,76,61,46,30.25,30.22,30.18,10,10,10,14,3,15,0.00,3,,99
2015-12-2,58,52,46,44,41,38,86,67,47,30.24,30.16,30.05,10,10,10,5,1,7,0.00,5,,108
2015-12-3,59,52,45,54,47,38,86,74,62,30.12,30.01,29.93,10,8,2,30,10,39,0.20,5,Rain,193
2015-12-4,58,52,45,50,47,43,100,84,67,30.29,30.22,30.13,10,10,10,12,4,15,0.00,1,,216
2015-12-5,56,50,44,47,44,36,93,80,66,30.29,30.25,30.22,10,10,10,10,2,13,0.00,6,,132
2015-12-6,61,57,52,56,49,35,93,70,47,30.32,30.27,30.22,10,10,4,20,5,23,0.01,7,Rain,118
2015-12-7,58,56,54,55,53,52,100,90,80,30.32,30.28,30.25,10,7,2,12,2,13,0.00,7,,102
2015-12-8,60,56,52,55,53,51,93,87,80,30.27,30.22,30.18,10,8,0,9,3,10,0.00,7,Fog,43
2015-12-9,65,60,54,56,54,52,100,87,73,30.18,30.09,29.99,10,10,8,17,4,22,T,7,Rain,175
2015-12-10,61,56,51,57,50,44,93,74,55,29.95,29.90,29.85,10,8,3,29,13,36,0.47,7,Rain,226
2015-12-11,56,51,46,46,44,41,86,73,59,30.06,29.92,29.82,10,10,4,31,11,53,0.12,4,Rain-Thunderstorm,260
2015-12-12,57,52,46,47,45,42,86,74,61,30.19,30.15,30.06,10,10,10,16,6,21,0.00,4,,153
2015-12-13,57,53,48,55,46,36,96,79,61,30.16,30.00,29.86,10,8,1,37,19,47,0.76,6,Rain,244
2015-12-14,56,50,44,40,35,28,71,53,35,30.17,30.13,30.08,10,10,10,24,10,30,0.00,2,,310
2015-12-15,56,49,41,38,33,30,76,59,41,30.22,30.18,30.14,10,10,10,20,8,23,0.00,0,,326
2015-12-16,55,47,39,41,36,29,76,65,54,30.27,30.24,30.21,10,10,10,13,3,14,0.00,2,,320
2015-12-17,55,53,50,47,42,37,83,75,66,30.30,30.24,30.17,10,10,10,10,1,12,0.00,5,,98
2015-12-18,59,52,45,50,47,43,93,78,62,30.17,30.04,29.94,10,9,4,21,8,30,0.22,6,Rain,160
2015-12-19,55,52,49,49,44,37,93,76,59,30.14,30.01,29.95,10,10,8,24,11,29,0.04,4,,285
2015-12-20,54,48,42,52,45,37,96,81,66,30.23,30.16,30.12,10,7,2,18,9,26,0.24,7,Rain,138
2015-12-21,59,55,51,56,53,49,96,88,80,30.14,30.03,29.86,10,5,2,26,14,35,0.92,8,Rain,200
2015-12-22,59,55,51,56,52,41,93,81,68,29.95,29.85,29.76,10,8,0,41,21,51,0.13,7,Fog-Rain,272
2015-12-23,55,52,48,43,39,36,80,66,51,30.04,30.00,29.93,10,10,10,32,19,41,T,3,,279
2015-12-24,53,49,45,45,40,36,80,71,61,30.09,29.99,29.94,10,10,3,26,13,35,0.13,6,Rain,273
2015-12-25,51,46,40,40,37,33,79,67,54,30.40,30.24,30.09,10,10,10,16,7,21,0.00,2,,327
2015-12-26,52,46,39,35,29,24,76,57,38,30.46,30.40,30.34,10,10,10,16,6,18,0.00,0,,60
2015-12-27,48,41,34,37,34,29,82,71,60,30.33,30.22,30.10,10,10,9,15,4,17,0.01,5,Rain,156
2015-12-28,48,45,41,40,37,34,89,77,65,30.12,30.06,30.01,10,10,4,13,5,15,0.11,4,Rain,52
2015-12-29,54,45,36,41,36,28,92,67,41,30.19,30.12,30.04,10,10,10,12,3,13,0.00,1,,250
2015-12-30,49,45,40,44,40,37,93,80,66,30.28,30.24,30.20,10,9,2,16,7,18,0.01,6,Rain,19
2015-12-31,51,45,39,37,34,28,85,66,46,30.27,30.21,30.15,10,10,10,17,8,20,0.00,1,,78
2016-1-1,49,43,37,32,27,22,76,57,38,30.20,30.15,30.12,10,10,10,17,9,20,0.00,3,,90
2016-1-2,51,48,44,38,34,31,71,61,50,30.13,30.05,29.97,10,10,10,15,6,16,0.00,7,,109
2016-1-3,53,49,44,44,39,35,86,70,54,29.96,29.87,29.80,10,10,9,9,2,10,0.04,8,Rain,122
2016-1-4,58,53,47,51,46,43,89,83,77,29.78,29.74,29.64,10,8,3,21,6,27,0.11,7,Rain,109
2016-1-5,55,53,50,50,48,45,96,87,77,29.83,29.70,29.60,10,8,3,24,10,29,1.00,7,Rain,167
2016-1-6,55,52,48,47,45,44,86,79,71,29.78,29.70,29.63,10,9,6,26,11,34,0.99,7,Rain,145
2016-1-7,53,49,44,46,44,41,93,85,77,30.05,29.95,29.78,10,10,9,14,4,16,0.01,4,,50
2016-1-8,51,47,42,46,43,40,92,83,74,30.13,30.09,30.05,10,10,8,8,3,9,T,7,Rain,84
2016-1-9,54,52,49,48,46,45,93,85,77,30.17,30.12,30.09,10,9,3,13,5,16,0.06,7,Rain,103
2016-1-10,54,52,50,48,46,45,93,85,77,30.25,30.20,30.16,10,9,6,15,7,17,T,6,Rain,66
2016-1-11,56,53,50,49,47,46,93,83,72,30.33,30.29,30.25,10,10,7,13,2,13,T,7,,32
2016-1-12,59,54,49,48,46,43,93,75,57,30.30,30.17,30.02,10,9,5,20,6,24,T,6,,79
2016-1-13,59,54,48,55,48,44,86,77,67,30.24,30.13,29.99,10,9,3,35,15,45,0.33,5,Rain,228
2016-1-14,57,51,44,52,45,41,92,79,66,30.21,30.10,30.01,10,9,6,21,8,28,0.03,6,Rain,166
2016-1-15,57,54,50,51,48,44,89,78,66,30.17,30.09,30.01,10,10,6,18,5,23,0.21,6,Rain,360
2016-1-16,61,56,51,57,52,48,96,90,84,30.19,30.15,30.12,10,7,2,16,5,19,0.15,8,Rain,115
2016-1-17,60,57,54,55,54,52,93,86,78,30.17,30.10,30.05,10,8,2,23,10,32,0.67,8,Rain,142
2016-1-18,61,57,53,54,52,50,93,83,72,30.17,30.13,30.06,10,10,7,14,5,17,0.30,6,Rain,254
2016-1-19,62,58,53,59,53,50,93,86,78,30.22,30.05,29.90,10,8,1,33,13,44,1.04,7,Rain,214
2016-1-20,56,52,47,53,49,44,96,91,86,30.30,30.24,30.20,10,8,4,10,4,12,0.00,6,,96
2016-1-21,62,56,50,57,50,46,93,77,60,30.20,30.11,30.03,10,10,9,22,5,26,T,7,Rain,116
2016-1-22,61,57,53,56,54,48,100,90,80,30.06,29.99,29.94,10,6,2,23,10,31,0.51,8,Rain,133
2016-1-23,58,55,51,51,47,45,83,78,72,30.16,30.07,29.98,10,10,8,29,14,33,0.06,5,,250
2016-1-24,57,53,49,47,45,42,86,74,61,30.26,30.22,30.15,10,10,10,20,9,22,0.00,5,,281
2016-1-25,58,54,49,53,49,45,93,85,77,30.29,30.26,30.23,10,10,10,9,3,11,0.00,6,,4
2016-1-26,57,52,46,50,48,45,100,83,66,30.37,30.32,30.27,10,7,0,13,4,15,0.00,5,Fog,33
2016-1-27,61,55,49,51,48,46,93,80,67,30.35,30.31,30.27,10,10,7,12,3,13,0.00,3,,93
2016-1-28,59,53,47,52,48,44,93,83,72,30.30,30.25,30.20,10,10,7,10,4,12,0.00,6,,63
2016-1-29,61,57,53,57,54,51,93,89,84,30.21,30.11,30.04,10,8,2,16,9,21,0.07,8,Rain,194
2016-1-30,58,55,51,50,45,39,93,74,55,30.09,30.05,29.99,10,10,10,20,13,23,T,7,,281
2016-1-31,54,51,48,41,36,31,71,59,46,30.00,29.87,29.78,10,10,10,38,17,46,0.00,4,,299
2016-2-1,56,51,45,39,32,26,66,52,38,30.28,30.19,30.01,10,10,10,24,15,31,0.00,2,,305
2016-2-2,55,51,46,48,43,39,100,83,66,30.32,30.25,30.22,10,9,2,18,9,22,0.18,5,Rain,85
2016-2-3,53,48,42,46,41,38,89,74,59,30.45,30.38,30.32,10,10,10,16,5,17,0.00,6,,110
2016-2-4,58,53,47,46,43,41,83,69,55,30.47,30.41,30.37,10,10,10,17,6,19,0.00,4,,87
2016-2-5,61,52,43,48,44,39,86,71,55,30.44,30.40,30.36,10,10,10,8,3,10,0.00,2,,85
2016-2-6,63,54,45,49,45,43,93,73,41,30.44,30.37,30.31,10,9,5,7,3,,0.00,2,,152
2016-2-7,68,58,47,51,47,43,89,66,42,30.31,30.24,30.17,10,10,10,12,2,12,0.00,1,,19
2016-2-8,73,62,51,51,46,43,83,59,35,30.25,30.20,30.16,10,10,10,12,5,14,0.00,0,,120
2016-2-9,71,60,49,52,49,43,86,65,44,30.24,30.18,30.14,10,10,10,21,3,24,0.00,3,,102
2016-2-10,67,59,50,54,50,44,86,71,56,30.28,30.20,30.15,10,10,8,12,3,14,0.00,4,,55
2016-2-11,65,58,50,54,51,46,93,78,63,30.20,30.15,30.11,10,10,7,18,6,21,0.00,4,,337
2016-2-12,66,57,47,55,52,45,96,80,63,30.24,30.21,30.18,10,9,2,24,9,29,0.00,4,,292
2016-2-13,66,60,53,55,51,47,100,79,58,30.31,30.25,30.21,10,7,0,28,12,32,0.00,5,Fog,304
2016-2-14,67,59,50,55,50,46,86,73,60,30.31,30.25,30.20,10,10,10,28,10,33,0.00,4,,291
2016-2-15,75,64,53,55,50,45,93,64,35,30.20,30.12,30.03,10,10,10,12,3,14,0.00,1,,229
2016-2-16,74,64,53,55,52,41,89,71,53,30.03,29.88,29.72,10,10,10,23,2,28,0.00,3,,109
2016-2-17,69,60,50,55,48,41,87,62,36,29.70,29.62,29.52,10,8,2,38,18,49,0.45,7,Rain-Thunderstorm,187
2016-2-18,61,56,50,52,45,39,89,70,51,30.06,29.94,29.69,10,10,7,29,13,37,0.17,5,Rain,204
2016-2-19,62,55,48,53,48,45,100,78,55,30.25,30.14,30.04,10,9,2,29,9,39,0.05,5,Rain,217
2016-2-20,60,53,45,51,45,38,100,77,54,30.26,30.22,30.17,10,10,10,16,6,18,0.00,3,,305
2016-2-21,61,53,45,53,46,41,100,75,49,30.30,30.26,30.22,10,10,10,23,8,26,0.00,3,,286
2016-2-22,68,58,48,55,48,45,100,74,48,30.27,30.19,30.07,10,10,10,15,3,16,0.00,5,,281
2016-2-23,70,59,48,52,43,32,100,64,27,30.10,30.05,30.00,10,10,10,21,5,24,0.00,4,,178
2016-2-24,67,58,48,57,47,37,100,71,42,30.17,30.12,30.09,10,10,10,20,5,24,0.00,2,,315
2016-2-25,67,59,50,58,52,44,100,79,57,30.17,30.11,30.07,10,10,8,18,6,22,0.00,2,,329
2016-2-26,70,61,52,56,51,46,93,73,53,30.23,30.15,30.09,10,10,10,17,9,22,0.00,6,,295
2016-2-27,65,60,55,58,50,46,90,71,52,30.23,30.18,30.13,10,10,9,22,9,26,0.00,5,,282
2016-2-28,65,58,51,54,50,46,93,75,56,30.24,30.20,30.16,10,10,2,20,8,22,0.00,6,,285
2016-2-29,67,60,52,59,53,48,100,82,63,30.21,30.16,30.11,10,6,1,10,4,11,0.00,5,,147
2016-3-1,70,62,53,59,51,37,97,67,37,30.18,30.14,30.09,10,10,9,22,8,25,0.00,3,,283
2016-3-2,67,61,54,59,55,50,100,86,72,30.14,30.10,30.05,10,10,7,21,7,28,0.00,6,,204
2016-3-3,64,61,58,61,56,51,100,85,69,30.12,30.08,30.04,10,10,10,16,6,19,T,8,Rain,345
2016-3-4,64,62,60,64,59,55,100,92,84,30.04,29.97,29.90,10,8,2,26,8,32,0.20,8,Rain,185
2016-3-5,65,61,56,59,56,52,93,86,78,29.92,29.77,29.57,10,6,2,43,15,53,1.45,8,Rain,168
2016-3-6,61,55,48,51,47,40,93,74,55,30.02,29.90,29.77,10,9,5,32,13,40,1.08,7,Rain,201
2016-3-7,58,54,50,48,46,42,89,75,61,30.00,29.84,29.72,10,10,6,37,13,45,0.13,5,Rain,280
2016-3-8,57,52,47,48,44,40,83,72,61,30.14,30.10,30.02,10,10,9,22,8,29,T,6,Rain,246
2016-3-9,65,59,52,58,53,48,93,83,72,30.10,30.07,30.04,10,8,2,20,7,23,0.08,8,Rain,133
2016-3-10,63,61,58,59,55,49,78,69,60,30.04,29.98,29.88,10,8,2,15,11,22,0.00,7,Rain,159
2016-3-11,60,56,52,57,49,43,89,78,67,30.04,29.82,29.68,10,7,2,39,19,49,0.31,8,Rain,219
2016-3-12,60,55,49,55,51,44,93,80,66,30.14,30.10,30.07,10,7,2,25,13,35,0.27,7,Rain,172
2016-3-13,61,59,57,57,55,53,93,89,84,30.09,30.03,29.99,10,7,2,25,13,34,0.90,8,Rain,214
2016-3-14,61,56,51,54,48,42,89,70,51,30.28,30.21,30.07,10,10,10,22,12,27,T,5,,282
2016-3-15,64,56,47,51,47,44,93,75,56,30.29,30.23,30.15,10,10,10,21,8,26,0.00,2,,285
2016-3-16,71,60,48,54,49,44,96,70,44,30.15,30.08,30.00,10,10,10,21,7,24,0.00,1,,281
2016-3-17,76,64,51,56,52,48,100,75,49,29.99,29.94,29.89,10,10,10,14,4,14,0.00,0,,291
2016-3-18,63,58,52,54,52,51,100,86,72,30.04,30.00,29.94,10,10,10,24,11,29,0.00,6,,279
2016-3-19,67,60,53,57,53,51,100,84,68,30.06,30.04,30.01,10,10,10,25,8,31,0.00,6,,188
2016-3-20,66,60,54,59,55,52,97,85,73,30.10,30.06,30.04,10,8,2,18,8,26,0.11,6,Rain,182
2016-3-21,64,59,54,57,52,48,93,83,72,30.13,30.08,30.04,10,10,7,25,11,34,0.01,6,Rain,217
2016-3-22,61,56,51,49,47,45,83,69,55,30.28,30.23,30.14,10,10,10,29,13,36,0.00,3,,281
2016-3-23,66,57,48,52,48,44,93,71,48,30.34,30.30,30.25,10,10,10,23,9,27,0.00,4,,274
2016-3-24,65,58,50,55,52,49,96,82,67,30.30,30.23,30.16,10,10,10,28,13,32,0.00,3,,259
2016-3-25,65,58,50,53,50,48,96,76,56,30.15,30.06,29.97,10,10,10,28,13,35,0.00,2,,269
2016-3-26,65,59,52,55,52,49,100,82,63,30.04,30.00,29.97,10,10,9,32,16,39,0.00,4,,280
2016-3-27,62,57,51,54,50,46,100,81,62,30.12,30.07,30.01,10,10,10,39,24,44,0.00,6,,271
2016-3-28,59,54,49,45,42,39,77,67,57,30.01,29.95,29.89,10,10,10,32,21,40,0.00,1,,286
2016-3-29,64,56,47,49,44,33,89,63,36,29.93,29.90,29.87,10,10,10,22,10,25,0.00,1,,274
2016-3-30,62,56,49,51,49,47,93,79,64,30.09,30.01,29.93,10,10,10,21,11,27,0.00,3,,261
2016-3-31,63,58,53,51,50,49,93,80,67,30.15,30.12,30.10,10,10,10,28,13,35,0.00,5,,271
2016-4-1,62,58,53,51,50,49,93,81,69,30.22,30.18,30.13,10,10,10,21,14,26,0.00,4,,270
2016-4-2,67,60,52,54,51,48,96,77,58,30.22,30.17,30.11,10,10,10,28,10,31,0.00,5,,289
2016-4-3,62,57,51,54,50,47,96,76,56,30.16,30.13,30.11,10,10,10,23,12,30,0.00,6,,276
2016-4-4,66,59,52,55,51,48,100,78,56,30.25,30.21,30.17,10,10,7,25,17,29,0.00,4,,272
2016-4-5,79,65,50,55,46,38,89,57,25,30.25,30.17,30.09,10,10,9,23,6,26,0.00,1,,280
2016-4-6,86,71,56,56,49,43,84,55,25,30.13,30.05,29.94,10,10,10,9,3,10,0.00,3,,108
2016-4-7,73,67,60,56,53,45,84,61,38,29.97,29.94,29.90,10,10,10,20,8,26,0.00,6,,325
2016-4-8,67,63,59,59,56,54,93,81,68,29.93,29.89,29.87,10,9,2,16,8,18,0.31,8,Rain,255
2016-4-9,65,61,57,61,56,50,100,90,80,29.95,29.91,29.87,10,9,3,15,7,17,0.20,8,Rain,274
2016-4-10,58,57,55,55,51,48,93,83,72,30.01,29.92,29.87,10,10,9,15,9,19,0.09,8,Rain,268
2016-4-11,64,59,54,53,49,47,86,73,60,30.17,30.09,30.01,10,10,9,15,7,18,0.00,6,,206
2016-4-12,61,58,54,52,48,44,83,75,66,30.24,30.20,30.15,10,10,9,32,18,38,0.00,7,,264
2016-4-13,64,59,53,60,48,41,93,74,55,30.24,30.18,30.09,10,10,9,28,15,33,T,4,,265
2016-4-14,63,57,50,50,46,41,83,72,60,30.18,30.13,30.07,10,10,6,33,19,40,0.03,4,Rain,267
2016-4-15,66,58,49,54,50,46,100,76,52,30.17,30.13,30.09,10,10,10,32,13,37,0.00,1,,287
2016-4-16,79,65,51,60,51,42,100,67,33,30.12,30.08,30.04,10,10,10,21,7,23,0.00,1,,275
2016-4-17,83,69,54,54,44,34,56,47,38,30.06,30.02,29.98,10,10,10,16,5,17,0.00,1,,325
2016-4-18,82,69,56,54,45,35,56,47,38,30.07,30.04,30.01,10,10,10,24,7,26,0.00,3,,304
2016-4-19,80,69,57,55,43,30,57,45,33,30.04,29.96,29.90,10,10,10,23,8,29,0.00,5,,297
2016-4-20,75,64,52,53,42,25,78,54,29,29.97,29.94,29.92,10,10,10,20,7,23,0.00,4,,269
2016-4-21,70,65,60,55,51,48,78,63,47,29.94,29.90,29.86,10,10,10,24,11,30,0.00,6,,208
2016-4-22,62,58,53,57,51,43,100,80,60,30.12,29.92,29.82,10,9,4,29,16,37,0.15,6,Rain,227
2016-4-23,63,57,51,50,47,42,83,70,56,30.22,30.18,30.13,10,10,10,30,15,35,0.00,3,,278
2016-4-24,64,57,50,50,45,39,83,68,52,30.13,30.05,29.99,10,10,10,48,25,58,0.00,4,,283
2016-4-25,63,55,47,43,38,31,71,57,42,30.06,30.04,30.02,10,10,10,37,20,43,0.00,1,,283
2016-4-26,62,55,47,45,43,41,86,69,51,30.08,30.06,30.05,10,10,9,37,17,44,0.00,4,,277
2016-4-27,60,55,49,51,46,42,89,73,57,30.06,29.95,29.88,10,10,8,39,19,48,0.04,4,Rain,279
2016-4-28,63,56,48,48,46,44,86,71,56,29.99,29.93,29.89,10,10,9,36,18,41,0.00,1,,270
2016-4-29,60,54,48,47,46,45,86,73,60,30.06,30.00,29.93,10,10,8,44,19,51,0.00,4,,265
2016-4-30,71,60,49,49,43,37,86,60,33,29.96,29.89,29.83,10,10,10,26,16,30,0.00,0,,287
2016-5-1,80,67,54,55,48,40,93,61,28,29.96,29.85,29.80,10,10,10,16,6,20,0.00,1,,344
2016-5-2,65,58,51,56,52,49,100,86,72,30.06,30.03,29.97,10,10,10,23,11,27,0.00,4,,279
2016-5-3,65,58,51,52,51,50,100,82,63,30.04,29.98,29.92,10,10,8,24,14,28,0.00,7,,293
2016-5-4,67,60,52,55,53,51,100,79,58,29.94,29.89,29.86,10,10,10,20,9,23,0.00,7,,245
2016-5-5,67,61,54,56,54,53,100,84,67,29.89,29.87,29.86,10,10,10,18,10,22,0.00,6,,214
2016-5-6,80,67,54,56,54,49,100,92,83,29.90,29.87,29.84,10,10,6,18,8,22,0.03,8,Rain,239
2016-5-7,63,59,54,57,55,53,100,89,78,29.99,29.94,29.90,10,10,10,15,8,18,0.01,8,Rain,213
2016-5-8,67,61,55,57,55,53,100,84,67,30.00,29.97,29.95,10,10,10,20,10,25,0.01,6,Rain,273
2016-5-9,68,60,52,54,53,52,100,80,59,30.00,29.97,29.94,10,10,10,21,10,25,0.00,6,,257
2016-5-10,67,60,52,58,54,47,100,84,68,30.01,29.98,29.95,10,10,8,25,10,29,0.00,5,,294
2016-5-11,66,59,52,56,54,52,100,84,67,30.06,30.03,30.00,10,10,10,23,11,26,0.00,5,,302
2016-5-12,65,59,53,54,53,52,93,78,63,30.07,30.04,30.01,10,10,9,24,14,29,0.00,6,,283
2016-5-13,66,61,55,54,52,49,93,77,60,30.05,30.03,30.00,10,10,10,24,12,29,0.00,5,,261
2016-5-14,71,63,54,62,57,51,100,84,68,30.08,30.04,30.00,10,10,10,24,10,29,0.00,5,,258
2016-5-15,66,61,56,60,55,48,100,84,68,30.01,29.99,29.96,10,10,10,33,21,40,0.00,5,,272
2016-5-16,71,63,54,54,49,45,83,68,53,30.00,29.96,29.91,10,10,10,30,14,35,0.00,3,,279
2016-5-17,87,71,54,75,56,45,100,74,48,29.94,29.92,29.89,10,10,10,25,10,29,0.00,0,,300
2016-5-18,73,65,56,61,53,46,83,70,57,29.99,29.94,29.90,10,10,10,29,12,33,0.00,1,,297
2016-5-19,64,59,53,55,48,43,77,66,55,29.93,29.88,29.79,10,10,9,52,24,60,0.00,5,,266
2016-5-20,62,57,52,57,45,42,93,74,55,29.96,29.86,29.80,10,10,10,33,22,41,0.00,6,,267
2016-5-21,64,59,54,57,47,44,84,68,52,30.10,30.02,29.95,10,10,10,22,12,26,0.00,5,,257
2016-5-22,65,60,55,52,48,45,77,67,56,30.12,30.08,30.03,10,10,10,23,12,27,0.00,5,,263
2016-5-23,66,60,54,60,48,46,100,76,52,30.02,29.96,29.91,10,10,10,23,14,26,0.00,6,,266
2016-5-24,65,61,56,53,50,46,77,72,67,30.07,29.99,29.90,10,10,10,24,15,29,0.00,7,,265
2016-5-25,65,61,56,51,49,46,77,69,60,30.14,30.11,30.06,10,10,10,25,14,33,0.00,6,,262
2016-5-26,70,63,55,59,51,46,83,70,56,30.13,30.07,30.01,10,10,10,26,11,31,0.00,3,,263
2016-5-27,73,63,53,59,52,41,87,68,49,30.01,29.92,29.84,10,10,9,24,10,29,0.00,1,,285
2016-5-28,79,68,56,54,48,40,72,56,39,29.90,29.84,29.81,10,10,9,21,10,24,0.00,4,,299
2016-5-29,72,63,53,52,49,45,83,66,49,30.00,29.96,29.90,10,10,9,22,10,25,0.00,1,,312
2016-5-30,70,62,53,51,48,45,83,64,44,30.01,29.97,29.91,10,10,8,24,12,27,0.00,4,,301
2016-5-31,73,63,53,60,53,47,89,76,63,29.92,29.86,29.80,10,10,9,21,12,,0.00,1,,300
2016-6-1,75,64,53,59,52,47,86,70,53,29.95,29.88,29.83,10,10,10,21,10,26,0.00,3,,314
2016-6-2,72,63,54,56,52,49,93,71,49,30.01,29.98,29.94,10,10,7,23,11,26,0.00,3,,303
2016-6-3,87,72,56,61,52,48,83,56,29,30.01,29.95,29.90,10,10,10,23,10,27,0.00,2,,305
2016-6-4,74,65,56,54,52,50,86,70,53,29.92,29.89,29.87,10,10,10,22,11,26,0.00,4,,295
2016-6-5,72,63,53,55,52,51,93,71,49,29.93,29.88,29.82,10,10,10,28,13,35,0.00,3,,302
2016-6-6,71,62,53,53,52,50,93,74,55,29.88,29.84,29.80,10,10,10,25,14,30,0.00,3,,287
2016-6-7,70,64,57,55,54,52,86,72,57,29.98,29.91,29.87,10,10,10,26,13,30,0.00,5,,276
2016-6-8,69,64,58,54,52,51,86,72,58,29.98,29.96,29.93,10,10,10,25,16,32,0.00,7,,260
2016-6-9,64,61,57,54,52,51,86,77,67,29.99,29.96,29.92,10,10,6,31,16,36,0.00,6,,267
2016-6-10,68,61,54,51,49,47,86,66,45,30.04,29.98,29.91,10,10,10,32,22,38,0.00,3,,268
2016-6-11,80,66,51,53,47,41,83,55,26,29.95,29.92,29.88,10,10,10,29,10,33,0.00,3,,292
2016-6-12,76,67,58,56,51,48,75,59,43,30.08,30.01,29.91,10,10,10,22,9,26,0.00,1,,170
2016-6-13,66,61,55,51,49,48,83,68,52,30.12,30.08,30.04,10,10,10,40,18,49,0.00,2,,264
2016-6-14,65,60,55,49,46,44,77,63,48,30.07,30.04,29.99,10,10,10,41,25,50,0.00,4,,263
2016-6-15,66,60,53,49,46,41,77,60,43,30.09,30.04,29.95,10,10,10,33,16,39,0.00,3,,258
2016-6-16,74,65,56,54,50,46,72,58,44,30.10,30.07,30.04,10,10,10,24,9,29,0.00,4,,199
2016-6-17,72,65,58,56,54,52,80,69,57,30.11,30.06,30.02,10,10,10,20,10,23,0.00,6,,210
2016-6-18,72,64,56,51,49,47,80,61,41,30.21,30.15,30.10,10,10,10,29,14,33,0.00,2,,289
2016-6-19,84,71,57,57,49,43,77,53,28,30.11,30.06,30.02,10,10,10,28,12,35,0.00,2,,291
2016-6-20,72,64,55,51,49,47,83,64,44,30.09,30.06,30.03,10,10,9,31,17,36,0.00,2,,292
2016-6-21,78,67,55,54,50,48,83,61,38,30.06,30.02,29.96,10,10,10,29,13,33,0.00,1,,296
2016-6-22,65,60,55,50,50,49,83,72,60,30.04,30.01,29.98,10,10,10,25,14,35,0.00,2,,271
2016-6-23,73,64,54,53,50,46,89,65,41,30.09,30.07,30.03,10,10,10,38,22,44,0.00,2,,283
2016-6-24,73,64,54,53,50,48,93,70,47,30.10,30.05,29.98,10,10,6,29,17,33,0.00,3,,285
2016-6-25,77,66,55,54,50,48,77,60,43,29.99,29.96,29.92,10,10,10,30,14,37,0.00,1,,296
2016-6-26,72,63,54,51,50,48,83,65,47,30.00,29.97,29.94,10,10,10,32,18,37,0.00,1,,294
2016-6-27,70,61,52,51,50,48,89,70,51,30.03,29.99,29.94,10,10,10,32,18,37,0.00,1,,297
2016-6-28,67,60,52,50,50,49,96,76,56,30.02,29.98,29.95,10,10,9,29,19,33,0.00,1,,297
2016-6-29,63,58,52,50,49,48,89,77,65,30.02,29.97,29.93,10,10,8,24,14,29,0.00,3,,284
2016-6-30,73,63,53,52,50,48,83,65,46,29.93,29.87,29.81,10,9,7,26,13,31,0.00,1,,298
2016-7-1,70,62,54,53,50,49,89,71,53,29.91,29.87,29.83,10,10,6,20,12,24,0.00,1,,309
2016-7-2,74,64,54,55,52,49,89,69,49,29.99,29.94,29.90,10,10,10,15,8,18,0.00,1,,323
2016-7-3,74,64,54,55,53,50,89,71,53,30.04,30.00,29.97,10,10,10,16,9,18,0.00,1,,321
2016-7-4,73,64,55,55,53,50,86,70,53,30.04,30.01,29.97,10,10,10,23,10,27,0.00,1,,306
2016-7-5,67,61,55,52,50,49,86,69,52,30.02,29.99,29.96,10,10,10,25,11,29,0.00,2,,274
2016-7-6,67,61,54,51,50,49,83,70,56,30.02,30.00,29.97,10,10,10,25,13,32,0.00,3,,263
2016-7-7,63,59,55,53,52,51,86,77,67,30.03,30.01,29.98,10,10,8,28,15,33,T,7,,259
2016-7-8,69,63,56,57,54,52,93,78,63,30.05,30.03,30.01,10,9,7,26,14,30,T,6,Rain,273
2016-7-9,72,65,58,59,56,51,90,76,61,30.13,30.09,30.03,10,10,8,28,16,35,0.00,5,,274
2016-7-10,73,65,56,53,51,48,86,65,44,30.11,30.05,29.97,10,10,10,30,19,37,0.00,2,,275
2016-7-11,69,62,55,52,51,49,83,71,58,29.98,29.95,29.91,10,10,10,32,16,36,0.00,1,,284
2016-7-12,69,62,55,52,51,50,86,70,53,30.01,29.96,29.92,10,10,10,25,16,29,0.00,3,,275
2016-7-13,77,66,55,56,52,51,86,65,43,30.01,29.97,29.93,10,10,10,25,12,30,0.00,1,,305
2016-7-14,68,61,54,52,52,51,93,74,55,30.00,29.96,29.93,10,10,10,28,15,33,0.00,1,,295
2016-7-15,73,64,54,55,52,49,93,73,53,29.96,29.92,29.87,10,10,10,22,9,27,0.00,2,,307
2016-7-16,73,64,55,55,53,50,86,70,53,29.91,29.89,29.85,10,10,10,18,8,22,0.00,1,,316
2016-7-17,71,63,55,52,52,50,86,71,55,30.02,29.95,29.88,10,10,10,28,13,33,0.00,4,,264
2016-7-18,69,63,56,54,53,52,86,71,55,30.12,30.08,30.02,10,10,8,26,15,33,0.00,6,,261
2016-7-19,69,62,55,52,51,48,86,70,53,30.13,30.09,30.04,10,10,10,29,16,36,0.00,4,,267
2016-7-20,68,62,56,52,51,50,86,72,58,30.09,30.06,30.02,10,10,10,31,17,36,0.00,3,,279
2016-7-21,70,63,56,53,52,51,86,70,53,30.12,30.10,30.05,10,10,10,31,17,37,0.00,4,,270
2016-7-22,70,62,54,52,52,51,86,70,53,30.13,30.08,30.02,10,10,10,30,16,33,0.00,1,,294
2016-7-23,72,64,56,52,51,50,83,66,49,30.02,29.94,29.86,10,10,10,31,15,36,0.00,1,,294
2016-7-24,69,63,56,53,51,50,83,68,53,29.93,29.88,29.84,10,10,10,26,15,30,0.00,1,,294
2016-7-25,72,63,54,56,52,50,86,70,53,29.96,29.93,29.89,10,10,10,22,11,24,0.00,1,,301
2016-7-26,81,67,53,58,51,48,89,63,36,29.94,29.88,29.82,10,10,10,23,11,27,0.00,3,,299
2016-7-27,72,63,54,53,51,49,86,70,53,29.92,29.89,29.86,10,10,10,26,15,33,0.00,1,,293
2016-7-28,69,61,53,54,52,50,93,74,55,29.94,29.89,29.83,10,10,10,26,15,31,0.00,2,,299
2016-7-29,69,61,53,54,52,51,93,74,55,29.88,29.84,29.78,10,10,10,28,15,32,0.00,1,,297
2016-7-30,73,64,54,54,53,52,93,73,53,29.86,29.82,29.79,10,10,10,23,13,28,0.00,2,,300
2016-7-31,76,66,56,57,54,52,93,72,50,29.92,29.89,29.84,10,10,10,25,10,29,0.00,3,,300
2016-8-1,74,66,57,54,53,52,86,68,49,30.01,29.96,29.92,10,10,10,28,12,30,0.00,3,,275
2016-8-2,69,63,56,55,53,52,86,73,59,30.03,29.99,29.94,10,10,10,24,12,28,0.00,4,,297
2016-8-3,73,64,54,55,52,50,86,68,49,29.99,29.96,29.92,10,10,8,26,11,31,0.00,1,,302
2016-8-4,67,62,56,54,52,50,86,72,58,29.98,29.95,29.92,10,10,9,21,12,31,0.00,7,,250
2016-8-5,69,62,55,53,52,51,86,70,53,29.94,29.91,29.88,10,10,10,24,11,29,0.00,5,,247
2016-8-6,68,62,56,52,51,50,86,71,55,29.92,29.90,29.87,10,10,9,26,14,32,0.00,5,,264
2016-8-7,70,63,56,52,51,50,80,67,53,29.94,29.89,29.85,10,10,10,23,13,28,0.00,3,,273
2016-8-8,73,65,56,53,53,51,86,68,49,29.88,29.85,29.83,10,10,10,30,12,38,0.00,3,,277
2016-8-9,76,67,57,56,53,52,80,63,46,29.86,29.83,29.81,10,10,10,24,11,27,0.00,2,,290
2016-8-10,74,65,56,56,53,51,93,73,53,29.94,29.89,29.84,10,10,10,23,10,26,0.00,1,,301
2016-8-11,73,65,57,57,54,53,86,70,53,30.03,29.99,29.94,10,10,10,24,10,28,0.00,4,,310
2016-8-12,69,62,54,56,53,51,87,73,59,30.06,30.02,29.97,10,10,7,25,12,29,0.00,3,,304
2016-8-13,70,62,53,54,52,51,93,74,55,30.01,29.96,29.89,10,10,10,25,14,29,0.00,1,,298
2016-8-14,70,62,54,53,53,52,93,76,59,29.96,29.92,29.88,10,10,9,28,17,33,0.00,2,Fog,294
2016-8-15,70,63,55,54,53,51,86,72,57,29.97,29.94,29.89,10,10,10,23,12,29,0.00,4,,296
2016-8-16,68,62,55,54,53,52,93,76,59,29.94,29.91,29.86,10,10,10,24,13,29,0.00,4,,296
2016-8-17,70,63,55,55,54,51,87,72,57,29.90,29.85,29.79,10,10,9,23,12,27,0.00,3,,306
2016-8-18,73,66,58,57,55,54,87,72,57,29.88,29.85,29.82,10,10,9,20,10,23,0.00,4,,315
2016-8-19,73,66,58,56,54,52,86,72,57,29.94,29.91,29.88,10,10,9,23,10,27,0.00,3,,305
2016-8-20,69,64,58,54,54,53,86,73,59,29.98,29.94,29.90,10,10,10,25,14,28,0.00,4,,293
2016-8-21,69,64,58,54,53,53,86,73,59,29.96,29.94,29.91,10,10,10,26,13,32,0.00,4,,281
2016-8-22,69,64,58,55,54,53,86,74,61,30.00,29.96,29.93,10,10,9,26,13,32,0.00,4,,277
2016-8-23,73,65,57,55,53,51,80,67,53,30.09,30.05,30.00,10,10,10,24,10,28,0.00,2,,293
2016-8-24,68,63,57,54,53,52,86,72,58,30.12,30.05,29.99,10,10,9,28,14,32,0.00,4,,288
2016-8-25,70,63,56,54,53,51,86,72,57,29.99,29.94,29.88,10,10,9,23,10,26,0.00,4,,273
2016-8-26,72,66,59,56,54,53,78,66,53,29.98,29.94,29.89,10,10,10,21,8,24,0.00,3,,195
2016-8-27,72,67,61,54,53,52,78,66,53,30.04,30.00,29.97,10,10,10,20,9,26,0.00,4,,225
2016-8-28,72,66,59,53,52,51,78,64,49,30.10,30.07,30.04,10,10,10,23,11,26,0.00,3,,256
2016-8-29,71,64,57,55,53,50,80,69,57,30.13,30.08,30.01,10,10,10,26,15,34,0.00,6,,275
2016-8-30,73,67,60,56,54,53,84,69,53,30.03,29.99,29.91,10,10,10,37,18,43,0.00,4,,275
2016-8-31,71,65,59,57,55,53,90,74,57,29.98,29.95,29.92,10,10,10,37,19,44,0.00,4,,269
2016-9-1,68,63,58,56,54,52,87,75,63,30.01,29.96,29.93,10,10,10,23,11,29,0.00,5,,262
2016-9-2,71,63,55,53,52,50,86,70,53,29.94,29.90,29.86,10,10,10,26,12,32,0.00,2,,283
2016-9-3,66,62,57,53,52,50,80,72,63,29.89,29.85,29.81,10,10,10,29,14,36,0.00,5,,251
2016-9-4,67,62,56,51,50,49,83,70,56,29.88,29.85,29.82,10,10,10,28,14,33,0.00,3,,264
2016-9-5,72,63,53,54,50,47,77,63,48,29.88,29.84,29.81,10,10,10,25,9,28,0.00,1,,294
2016-9-6,84,69,54,58,51,44,83,55,26,29.89,29.86,29.83,10,10,10,28,9,32,0.00,0,,299
2016-9-7,88,73,58,62,54,49,80,54,27,30.00,29.91,29.85,10,10,9,24,8,27,0.00,0,,309
2016-9-8,73,65,57,58,54,52,80,69,57,30.11,30.05,30.01,10,10,10,22,10,26,0.00,1,,306
2016-9-9,67,62,56,54,53,52,93,78,63,30.05,30.02,29.98,10,10,8,25,13,31,0.00,3,,298
2016-9-10,67,61,55,54,53,52,93,78,63,30.08,30.04,30.02,10,9,7,25,13,30,0.00,4,,295
2016-9-11,71,63,55,54,52,50,86,69,51,30.09,30.04,29.96,10,10,10,20,8,24,0.00,1,,249
2016-9-12,66,60,54,51,49,48,83,68,52,29.95,29.90,29.85,10,10,10,26,10,33,0.00,4,,232
2016-9-13,71,64,56,53,50,47,72,62,51,30.02,29.91,29.83,10,10,10,22,10,26,0.00,2,,176
2016-9-14,74,65,56,55,52,49,80,63,46,30.12,30.07,30.04,10,10,10,22,10,26,0.00,1,,290
2016-9-15,65,60,55,54,52,51,93,80,67,30.08,30.04,29.99,10,10,9,25,15,31,0.00,2,,290
2016-9-16,69,62,55,54,52,50,86,71,55,30.01,29.98,29.93,10,10,9,24,11,29,0.00,4,,298
2016-9-17,71,62,53,56,52,51,93,79,53,30.04,29.99,29.94,10,9,7,21,10,,0.00,2,,294
2016-9-18,88,72,56,62,54,48,83,55,27,29.99,29.93,29.88,10,10,10,23,8,26,0.00,0,,303
2016-9-19,85,73,61,63,55,51,78,56,34,29.96,29.91,29.87,10,10,10,22,8,24,0.00,2,,310
2016-9-20,73,66,58,55,53,51,86,68,49,30.00,29.95,29.90,10,10,9,22,12,25,0.00,3,,301
2016-9-21,66,62,57,51,50,49,80,68,56,29.99,29.95,29.92,10,10,9,41,22,49,0.00,3,,264
2016-9-22,68,62,56,52,50,48,83,68,52,30.08,30.04,29.97,10,10,10,35,19,40,0.00,3,,274
2016-9-23,73,63,52,54,50,46,83,62,41,30.16,30.12,30.08,10,10,9,28,12,33,0.00,2,,282
2016-9-24,82,70,58,59,54,52,80,60,40,30.14,30.09,30.04,10,10,10,24,8,28,0.00,0,,286
2016-9-25,94,76,58,57,47,32,84,50,16,30.06,30.01,29.96,10,10,10,20,6,22,0.00,0,,298
2016-9-26,93,78,63,61,47,32,68,43,18,30.01,29.96,29.91,10,10,10,21,6,22,0.00,0,,323
2016-9-27,79,68,56,58,50,41,80,56,32,29.93,29.88,29.82,10,10,10,20,9,24,0.00,1,,302
2016-9-28,68,62,55,55,52,51,86,75,63,29.99,29.91,29.86,10,10,10,25,14,32,0.00,1,,295
2016-9-29,63,59,54,52,51,50,89,77,65,30.11,30.06,30.00,10,10,9,30,14,36,0.00,5,,279
2016-9-30,65,60,54,51,49,46,89,71,52,30.15,30.12,30.08,10,10,10,29,17,36,0.00,4,,264
2016-10-1,69,62,54,51,50,49,89,69,49,30.16,30.10,30.04,10,10,9,31,17,37,0.00,1,,281
2016-10-2,68,62,56,54,52,47,86,67,48,30.08,30.06,30.04,10,10,9,23,14,28,T,4,,268
2016-10-3,65,60,54,52,50,48,89,73,56,30.12,30.06,29.99,10,10,10,13,5,14,T,7,,175
2016-10-4,70,64,57,54,51,47,80,64,48,30.07,30.01,29.99,10,10,10,28,13,33,0.00,4,,294
2016-10-5,70,62,54,52,49,44,83,62,40,30.09,30.06,30.03,10,10,10,28,11,32,0.00,0,,275
2016-10-6,75,64,53,55,48,42,83,59,35,30.09,30.04,29.99,10,10,10,23,8,26,0.00,1,,286
2016-10-7,84,69,54,55,45,37,78,51,23,30.03,29.97,29.90,10,10,9,22,6,25,0.00,4,,311
2016-10-8,84,71,57,56,47,41,73,50,26,29.94,29.90,29.86,10,10,10,20,6,23,0.00,1,,301
2016-10-9,80,67,53,57,51,46,86,59,32,29.98,29.95,29.92,10,10,10,21,8,23,0.00,1,,303
2016-10-10,71,62,52,52,50,49,96,75,53,30.02,29.98,29.94,10,10,9,22,10,25,0.00,4,,273
2016-10-11,68,62,55,50,49,46,83,66,48,30.09,30.05,30.01,10,10,10,18,9,24,0.00,6,,240
2016-10-12,60,58,55,59,51,48,86,79,72,30.10,30.08,30.05,10,10,9,13,6,,0.00,6,,274
2016-10-13,72,64,55,55,53,48,86,68,49,30.09,30.05,29.96,10,10,10,13,7,,0.00,7,,162
2016-10-14,68,63,58,63,59,54,90,77,63,29.97,29.94,29.91,10,7,2,20,13,32,0.23,7,Rain,197
2016-10-15,72,64,56,61,57,53,93,77,61,29.96,29.87,29.53,10,9,4,33,13,46,0.40,6,Rain,201
2016-10-16,66,64,62,61,59,54,93,83,72,29.88,29.82,29.75,10,8,2,29,10,36,0.67,7,Rain,220
2016-10-17,69,64,59,55,53,49,84,67,49,30.10,30.02,29.90,10,10,10,17,10,21,0.06,2,,262
2016-10-18,69,63,56,55,53,49,93,74,55,30.20,30.15,30.11,10,10,10,24,9,28,0.00,3,,285
2016-10-19,74,64,53,51,48,45,83,61,38,30.21,30.16,30.11,10,10,10,21,6,24,0.00,2,,295
2016-10-20,78,66,54,57,50,43,78,59,39,30.16,30.08,30.01,10,10,10,15,5,17,0.00,0,,311
2016-10-21,73,65,57,59,54,51,93,76,59,30.00,29.94,29.89,10,10,10,26,11,31,0.00,1,,292
2016-10-22,67,62,56,53,51,47,93,75,56,29.92,29.89,29.87,10,10,7,23,12,26,0.00,4,,285
2016-10-23,66,59,51,53,50,46,83,71,58,29.95,29.91,29.87,10,10,10,24,10,29,0.00,3,,226
2016-10-24,69,65,60,55,52,49,78,63,47,29.98,29.95,29.91,10,10,3,30,15,38,0.03,7,Rain,161
2016-10-25,71,67,62,58,55,52,84,71,57,30.06,30.02,29.98,10,10,9,32,13,41,0.04,7,Rain,158
2016-10-26,72,65,58,58,54,51,86,68,49,30.08,30.01,29.96,10,10,10,21,6,23,0.00,2,,266
2016-10-27,65,63,60,59,57,55,90,82,73,29.99,29.94,29.90,10,8,2,16,5,22,0.58,8,Rain,105
2016-10-28,67,64,61,60,59,57,93,83,73,29.96,29.89,29.85,10,9,4,18,8,22,0.26,7,Rain,180
2016-10-29,70,66,61,60,57,52,90,76,61,29.97,29.94,29.89,10,10,6,21,8,26,0.02,5,Rain,168
2016-10-30,67,62,57,57,54,52,80,72,63,30.08,29.89,29.80,10,8,2,29,12,36,0.52,6,Rain,206
2016-10-31,66,60,54,55,53,46,93,73,52,30.12,30.04,29.96,10,10,8,21,8,26,0.03,5,Rain,170
2016-11-1,64,59,53,53,50,48,80,68,56,30.16,30.08,29.99,10,10,8,17,9,21,0.02,4,,276
2016-11-2,69,60,51,53,50,46,89,72,55,30.20,30.17,30.14,10,10,10,16,5,20,0.00,1,,310
2016-11-3,71,62,53,54,50,45,93,67,40,30.20,30.14,30.08,10,10,10,9,3,11,0.00,3,,134
2016-11-4,72,64,55,56,52,50,93,71,49,30.16,30.12,30.09,10,10,7,15,6,17,0.00,2,,234
2016-11-5,66,60,53,56,54,48,89,79,68,30.13,30.09,30.05,10,10,8,21,6,23,0.00,4,,251
2016-11-6,67,64,60,59,57,55,90,84,78,30.12,30.09,30.05,10,9,2,12,5,15,0.00,7,,358
2016-11-7,69,63,57,59,57,55,93,81,68,30.17,30.13,30.11,10,10,10,8,2,8,0.00,5,,51
2016-11-8,72,65,57,61,57,54,87,74,61,30.18,30.13,30.08,10,10,10,22,6,26,0.00,3,,292
2016-11-9,75,66,57,60,56,52,87,71,54,30.14,30.07,30.00,10,10,10,14,4,16,0.00,2,,282
2016-11-10,73,65,57,62,57,54,90,76,61,30.06,30.04,30.00,10,10,8,13,3,14,0.00,3,,319
2016-11-11,69,63,57,60,55,45,90,74,58,30.10,30.05,30.03,10,9,7,20,5,24,0.00,4,,306
2016-11-12,70,64,57,59,54,46,93,73,52,30.17,30.13,30.10,10,10,9,24,9,28,0.00,5,,275
2016-11-13,68,61,54,58,55,49,93,81,68,30.19,30.17,30.14,10,8,0,20,7,24,0.00,2,Fog,342
2016-11-14,63,59,54,58,55,52,100,89,78,30.20,30.16,30.12,10,7,2,21,7,24,0.00,4,,303
2016-11-15,65,61,56,57,53,48,93,80,67,30.14,30.11,30.07,10,10,9,22,11,26,T,7,Rain,264
2016-11-16,61,56,50,48,42,40,72,59,46,30.12,30.09,30.06,10,10,10,29,14,35,0.00,1,,286
2016-11-17,61,54,46,47,41,38,82,62,42,30.15,30.11,30.07,10,10,10,14,4,15,0.00,1,,282
2016-11-18,67,57,46,,,,82,60,37,,,,,,,23,8,26,0.00,,,
2016-11-19,61,58,55,,,,93,74,55,,,,,,,22,10,29,0.59,,,
2016-11-20,60,57,54,,,,93,87,80,,,,,,,13,7,16,0.20,,,
2016-11-21,61,57,52,,,,93,79,64,,,,,,,23,11,28,0.00,,,
2016-11-22,60,54,47,,,,86,77,67,,,,,,,22,7,27,0.02,,,
2016-11-23,61,56,50,,,,83,63,42,,,,,,,17,9,20,0.03,,,
2016-11-24,59,52,44,,,,89,73,57,,,,,,,10,5,13,0.00,,,
2016-11-25,58,52,45,,,,86,72,57,,,,,,,16,4,20,0.00,,,
2016-11-26,56,54,51,,,,89,78,66,,,,,,,30,11,36,0.51,,,
2016-11-27,59,55,51,,,,83,70,57,,,,,,,33,12,44,0.11,,,

